<?xml version="1.0" encoding="UTF-8"?>
<plugin_manifest xmlns="http://www.elgg.org/plugin_manifest/1.8">
	<name>Advanced Statistics</name>
	<author>ColdTrick IT Solutions</author>
	<version>0.1</version>
	<description>Shows advanced statistics for your site</description>
	<website>http://www.coldtrick.com/</website>
	<copyright>(C) ColdTrick IT Solutions 2009 - 2012</copyright>
	<license>GNU Public License version 2</license>
	
	<requires>
		<type>elgg_release</type>
		<version>1.8</version>
	</requires>
	
	<screenshot>
		<description>Sample Users statistics</description>
		<path>screenshots/users_stats.png</path>
	</screenshot>
	
 	<category>ColdTrick</category>
 	<category>Statistics</category>
</plugin_manifest>